{
  "hash": "8fb5b967",
  "configHash": "aab7b4da",
  "lockfileHash": "c42d25d6",
  "browserHash": "73695b3d",
  "optimized": {
    "@angular/common": {
      "src": "../../../../../../node_modules/@angular/common/fesm2022/common.mjs",
      "file": "@angular_common.js",
      "fileHash": "565713a3",
      "needsInterop": false
    },
    "@angular/common/http": {
      "src": "../../../../../../node_modules/@angular/common/fesm2022/http.mjs",
      "file": "@angular_common_http.js",
      "fileHash": "78d93435",
      "needsInterop": false
    },
    "@angular/core": {
      "src": "../../../../../../node_modules/@angular/core/fesm2022/core.mjs",
      "file": "@angular_core.js",
      "fileHash": "34b05d9e",
      "needsInterop": false
    },
    "@angular/forms": {
      "src": "../../../../../../node_modules/@angular/forms/fesm2022/forms.mjs",
      "file": "@angular_forms.js",
      "fileHash": "e588347b",
      "needsInterop": false
    },
    "@angular/platform-browser": {
      "src": "../../../../../../node_modules/@angular/platform-browser/fesm2022/platform-browser.mjs",
      "file": "@angular_platform-browser.js",
      "fileHash": "b3429d9f",
      "needsInterop": false
    },
    "@angular/platform-browser/animations": {
      "src": "../../../../../../node_modules/@angular/platform-browser/fesm2022/animations.mjs",
      "file": "@angular_platform-browser_animations.js",
      "fileHash": "2997178c",
      "needsInterop": false
    },
    "@angular/router": {
      "src": "../../../../../../node_modules/@angular/router/fesm2022/router.mjs",
      "file": "@angular_router.js",
      "fileHash": "aa9da140",
      "needsInterop": false
    },
    "ngx-spinner": {
      "src": "../../../../../../node_modules/ngx-spinner/fesm2022/ngx-spinner.mjs",
      "file": "ngx-spinner.js",
      "fileHash": "01dc670e",
      "needsInterop": false
    },
    "ngx-toastr": {
      "src": "../../../../../../node_modules/ngx-toastr/fesm2022/ngx-toastr.mjs",
      "file": "ngx-toastr.js",
      "fileHash": "09f38f01",
      "needsInterop": false
    },
    "rxjs": {
      "src": "../../../../../../node_modules/rxjs/dist/esm5/index.js",
      "file": "rxjs.js",
      "fileHash": "c7f70f59",
      "needsInterop": false
    }
  },
  "chunks": {
    "chunk-J4W2WJ3W": {
      "file": "chunk-J4W2WJ3W.js"
    },
    "chunk-TZLKYN5K": {
      "file": "chunk-TZLKYN5K.js"
    },
    "chunk-OCTFTS5E": {
      "file": "chunk-OCTFTS5E.js"
    },
    "chunk-MG3U2SUJ": {
      "file": "chunk-MG3U2SUJ.js"
    },
    "chunk-AZJR4NSL": {
      "file": "chunk-AZJR4NSL.js"
    },
    "chunk-KKRB7YGY": {
      "file": "chunk-KKRB7YGY.js"
    },
    "chunk-CVVAAMXL": {
      "file": "chunk-CVVAAMXL.js"
    },
    "chunk-OLJ2W2BP": {
      "file": "chunk-OLJ2W2BP.js"
    },
    "chunk-S35MAB2V": {
      "file": "chunk-S35MAB2V.js"
    }
  }
}